Class Year ,Major 1,Major 2,Freshman Courses,"List all the courses you took/are taking sophomore year (reply none, if not applicable) ","List all the courses you took/are taking junior year (reply none, if not applicable) ","List all the courses you took/are taking senior year (reply none, if not applicable) ",Do you prefer to study ,Are you,Do you prefer ,Do you live in 
2019,15,,"5.111, 8.01, 8.02, 18.02, 18.02, 7.013, 21w.036, 14.01, 6.0001","6.0002, 15.401. 21m.600, 15.0791, 15.312, 15.276, 15.053, 15.075, 14.02","15.780, 15.456, 6.036, 11.014",none,in your own room,a morning person,neither,Cambridge (e.g. dorms)
2020,6,,"8.01, 18.02, 6.0001, 7.012, 21G.065, 8.02, 5.111, 6.01, 6.042, 21W.762","6.006, 6.009, 6.004, 9.01, 24.900",none,none,in your own room,a night person,cats,Cambridge (e.g. dorms)
2020,6,,"8.012, 18.02, 3.091, 17.41, 18.03, 8.02, 6.S08, 21G.106, 6.S080","6.002, 6.003, 6.008, 21G.113, 6.070",none,none,in libraries,a night person,both,"Boston (e.g. frats, sororities, living groups )"
2021,18,,"6.006, 7.016, 24.02, 18.200A",None,None,None,in cafes,a night person,neither,Cambridge (e.g. dorms)
2020,6,,"3.091, CMS.100, 18.022, 8.02, 6.00, 9.00, 7.013, 18.03","6.042, 6.009, 9.01, 21L.013",none,none,in your own room,a night person,dogs,"Boston (e.g. frats, sororities, living groups )"
2019,15,,"CC.801, CC.1802, CC.5111, CC.110, 8.02, CC.1803, 6.01, CC.116","5.12, 7.012, 21L.011, 15.079, 15.053, 15.075, CC.111, 14.01","15.780, 15.312, 6.034, 21L.024",none,in libraries,a morning person,dogs,"Boston (e.g. frats, sororities, living groups )"
2020,6,,"3.091, MAS.110, 18.02, 18.03, 6.0001, 6.s08, 8.01, 8.02, 9.00","21G.046, 21G.109, 6.034, 6.006, 6.042",none,none,in your own room,a night person,both,Cambridge (e.g. dorms)
2020,6,,"8.01, 8.02, 18.02, 7.012, 21H.130, 21M.051, 6.042, 6.s08","6.006, 6.009, 21G.701, 3.091",none,none,in libraries,a morning person,dogs,Cambridge (e.g. dorms)
2018,10,,"5.111, 8.01, 18.02, STS.001, 7.013, 18.03, 8.02, STS.010","5.60, 10.10, 7.03, 21G.101, 5.12, 10.213, 10.301, 21G.102","10.302, 21M.606, 21M.603, 7.02, 7.05, 10.26, 10.37, 10.32","10.490/10.492, STS.926, 7.06,10.591, 10.491, 10.450",in your own room,a night person,dogs,Cambridge (e.g. dorms)
2021,6,9,"6.0001, 8.02, 18.02, 9.48, 3.091",none,none,none,in libraries,a night person,both,Cambridge (e.g. dorms)
2020,6,,"5.111,7.012,8.01,8.02,6.01,18.02,21M.710,CMS.300","17.40,6.008,6.009,18.06",none,none,in your own room,a morning person,cats,Cambridge (e.g. dorms)
2021,6,,"7.015, 8.01, 18.01A, 24.900, AS.101, AS.111",None,None,None,in your own room,a morning person,both,Cambridge (e.g. dorms)
2021,16,18,"8.01, 7.012, 18.02, 18.03, 21M.445",none,none,none,in your own room,a morning person,dogs,Cambridge (e.g. dorms)
2021,2,,"8.01,18.02,3.091,17.309,12.000",None,None,None,in libraries,a night person,both,Cambridge (e.g. dorms)
2020,18,,"CC.110, CC.5111, CC.1803, 4.301, 18.100B, 18.701, 18.102, 18.702","21H.227, 4.603, 7.012, 18.510",none,none,in libraries,a morning person,cats,Cambridge (e.g. dorms)
2021,,,"5.111, 8.01, 18.02, 21L.065",none,N/A,N/A,in your own room,a morning person,cats,Cambridge (e.g. dorms)
2021,6,,"8.01, 18.02, 3.091, MAS.110",None,None,None,in your own room,a night person,both,Cambridge (e.g. dorms)
2021,1,,"6.0001, 7.012, 3.091, 18.03, 21M.030.03",none,none,none,in your own room,a night person,dogs,Cambridge (e.g. dorms)
2019,6,,"8.02, 18.02, 7.016, 17.20, 17.01, 21G.101, 21G.102, 6.01, 18.03, 2.00B","6.004, 6.042, CMS.614, CMS.628, 6.115, 1.041, CMS.631, 6.009","6.031, 1.022, 6.UAR, 6.008",None,in libraries,a night person,both,Cambridge (e.g. dorms)
2021,14,,"14.03, CC.801, CC.110, CC.A10, CC.1802",none,none,none,in your own room,a night person,both,Cambridge (e.g. dorms)
2021,10,,"8.01, 18.02, 3.091, 17.309",none,none,none,in libraries,a night person,dogs,Cambridge (e.g. dorms)
2020,10,,"18.02, 5.111, 8.01, 24.00, 8.02, 18.03, 10.10, 9.00","5.60, 5.12, 5.310, 21L.011",None,None,in your own room,a morning person,cats,Cambridge (e.g. dorms)
2018,6,,"7.012, 5.111, 18.02, 24.900, 6.01, 18.03, 21m.030, 8.02","6.006, 6.042, 6.02, 14.01, 14.02, 6.005, 6.002, 21g.611","6.004, 6.111, 14.30, 6.034, 6.115, 6.uat, 14.03","6.012, 6.867, 6.046, 14.41",in libraries,a night person,dogs,Cambridge (e.g. dorms)
2021,,,"7.012, 5.111, 14.01, 8.01, 8.02, 18.02, 24.00, 14.02",None,None,None,in your own room,a morning person,cats,Cambridge (e.g. dorms)
2019,6,,"18.02, 8.02, 3.091, 21G.027, 6.A69, 6.S08, 6.042, 18.06, 21G.504, 6.177, 6.057","6.006, 6.004, 6.034, 21G.505, 24.900, 6.046, 6.009, 6.S08, 21G.506, 21G.597","6.819: Advances in Computer Vision6.031: Software ConstructionJapan 140a: Advanced Modern Japanese (Harvard)7.012: Intro Biology6.911/2: Engineering Leadership (GEL)",none,in your own room,a morning person,cats,Cambridge (e.g. dorms)
2021,1,,"18.01A, 8.012, 5.111, 21G.222, 20.A02",none,none,none,in libraries,a morning person,both,Cambridge (e.g. dorms)
2021,22,,"7.012, 18.01A, 8.01, 24.02",none,none,none,in your own room,a night person,cats,Cambridge (e.g. dorms)
2017,6,8,"6.161, 8.286, 21A.503, 21M.301, 2.678, 6.011, 8.284, 21G.101, 2.110, 8.044","6.450, 8.05, 11.S941, 18.101, 21M.223, 8.223, 6.302, 8.13, 21M.340","6.02, 6.267, 8.333, 18.755, 6.101, 8.06, 6.UAT, STS.050","6.S084, 11.001, 21M.359, 6.347, 6.441, 6.UAP",in your own room,a morning person,cats,Cambridge (e.g. dorms)
2018,6,,"18.03, 8.02, 5.111, 7.012, 21H.161, 6.01, 6.042, 11.125","6.006, 6.004, 6.811, 11.124, 6.002, 6.005, 6.169, 6.036, 11.127","6.111, 6.012, 6.869, 18.600, GEL, 6.115, 6.033, Spanish 4, Meaning of Life","6.828, 6.867, 21M.605, 6.UAR",in libraries,a night person,neither,Cambridge (e.g. dorms)
2021,6,,"7.012, 6.175, CC.1802, CC.110",none,none,none,in libraries,a night person,both,Cambridge (e.g. dorms)
2021,16,,"8.01L, 18.01, CC.5111, CC.110, CC.A10, NS.11, NS.100",None,None,None,in libraries,a morning person,dogs,Cambridge (e.g. dorms)
2019,6,,"18.02,8.01,7.012,STS.034,8.02,6.01,5.111,24.01","6.004, 6.042, 6.009, 21G.501, 6.031, 6.006, 21G.502",6.046 6.036 6.034 21G.107,none,in your own room,a night person,dogs,Cambridge (e.g. dorms)
2021,1,,"8.01, 18.02, 5.111, 12.000, 3.986",None,None,None,in libraries,a night person,cats,Cambridge (e.g. dorms)
2021,6,18,"18.701, 5.111, 8.022, 6.0001, 21L.011",None,None,None,in your own room,a morning person,cats,Cambridge (e.g. dorms)
2019,16,,"8.02, 18.01A, 18.02A, 3.091, 21G.027, 7.013, 12.402, 16.00","16.001, 16.002, 18.03, 21G.501, 6.00, 16.003, 16.004, 16.09, 21L.011","16.06, 16.07, 16.100, 21L.473",none,in your own room,a night person,cats,Cambridge (e.g. dorms)
2020,12,,"18.01, 18.03, 7.012, 3.091, 21H.160, 21H.161, 6.0002","12.003, 12.335, 18.03, 4.614, 21H.S01",none,none,in libraries,a morning person,both,Cambridge (e.g. dorms)
2021,2,,"6.0001, 8.01, 18.022, 7.016, 3.091",none,none,none,in your own room,a night person,dogs,Cambridge (e.g. dorms)
2021,6,,"8.01, 18.01A, 3.091, 6.0001, 21L.006",none,none,none,in your own room,a night person,dogs,Cambridge (e.g. dorms)
2021,10,,"8.01, 5.111, 18.01, 21H.185",None,None,None,in your own room,a night person,cats,Cambridge (e.g. dorms)
2020,1,,"5.111, 8.01, 6.0001, 18.01, 18.02, 21W.770, CC.110, 21G.301, 21G.302",None,None,None,in libraries,a night person,cats,Cambridge (e.g. dorms)
2017,21,,"21M.426, 6.006, 8.02, 8.012, 18.02, 18.06, 3.091, 21G.501, 21G.502, 21L.004","6.008, 18.06, 21G.503, 6.046, 6.036, CMS.400, 6.004, CMS.631","6.864, CMS.622, MAS.S61, 7.012, CMS.S62, 6.883, 6.905, CMS.100, CMS.903, CMS.614","16.621, 21A.819, CMS.993, CMS.THT, CMS.THU, 6.849, CMS.701",in libraries,a night person,dogs,Cambridge (e.g. dorms)
2021,,,"5.112, 7.016, 18.022, 21G.070, 6.0001",None,None,None,Common spaces / lounges,a night person,both,Cambridge (e.g. dorms)
2020,2,,"1.016, 8.01, 8.01, 3.091, 7.016, 18.02, 2.087","2.001, 2.086, 2.678, 11.025, 2.007",none,none,in your own room,a morning person,cats,Cambridge (e.g. dorms)
2020,6,7,"8.01, 18.01, 5.111, 21L.006, 8.02, 18.02, 7.013, 6.00","5.12, 7.03, 6.009, WGS.151",none,none,in your own room,a night person,dogs,Cambridge (e.g. dorms)
2020,6,,"ES.801, ES.5111, ES.1802, 6.0001, 21L.020J, ES.802, ES.7013, CMS.301, 6.S08","6.004, 6.009, 6.042, 24.02",none,none,in your own room,a night person,cats,Cambridge (e.g. dorms)
2020,15,18,"18.03, 5.111, 7.012, 8.01, 15.401,6.006, 6.009, 21M. 100","15.501,15.418, 6.036, 18.600, 18.06",None,None ,in cafes,a morning person,dogs,Cambridge (e.g. dorms)
2020,9,,"8.01, 8.02, 18.01A, 18.02A, 18.03, 9.97, 21H.319, 24.900, 5.112, 7.013, 6.0001","18.06, 6.042, 6.0002, 9.01, 21G.501, 21G.064, 21W.762, 6.006, 6.009, 9.40, 9.00, 9.09, 21G.502",none,none,in your own room,a night person,both,Cambridge (e.g. dorms)
2021,8,,"18.03, 8.022, 5.111, 14.01",None,Not applicable,Not applicable,in libraries,a morning person,neither,Cambridge (e.g. dorms)
2020,6,,"CC.1802, CC.1803, CC.8012, CC.110, CC.5111, 8.02, 6.004, 2.00b, 3.094","6.002, 6.003, 21M.606, 6.008",none,none,Common spaces / lounges,a night person,both,Cambridge (e.g. dorms)
2018,6,,"5.111, 8.02, 18.02, 21M.011, 6.01, 7.013, 6.042, 21M.065","6.006, 18.06, 21L.004, 21M.301, 6.004, 6.005, 21M.302","4.500, 6.009, 6.046, 6.837, 4.032, 6.033, 6.207, 6.838","6.036, 6.819, 4.021",in your own room,a night person,dogs,Cambridge (e.g. dorms)
2021,9,,5.111 6.0001 18.02 8.01 21W.011 7.013 8.02 9.00 21G.304,None,None ,None,Common spaces / lounges,a night person,dogs,Cambridge (e.g. dorms)
2018,22,,"8.01L, 8.011, 18.01, 18.02, 5.111, 7.016, 24.06","18.03, 8.03, 8.02, 22.01, 21M.600,  3.98522.02, 2.086","2.005, 22.05, 22.09, intro to archaeology, 22.06, 22.071, 18.075, human origins and evolution","22.tht, 22.081j, 22.033, the vikings, sustainability: political science and economics, conversations, 22.thu, 22.04, mesopotamia",in your own room,a night person,dogs,apartment
2021,6,18,"7.016, 6.036, 18.100A, 14.12",none,none,none,Common spaces / lounges,a night person,neither,Cambridge (e.g. dorms)
2021,,,"18.02,8.01,3.091,21L.011",none,none,none,in your own room,a morning person,cats,Cambridge (e.g. dorms)
2021,16,,"8.02, 18.02, 7.012, 21G.064, 22.A01",none,none,none,Common spaces / lounges,a night person,both,Cambridge (e.g. dorms)
2021,6,21,"MAS110, 302.21M, 18.022, 3.091, 6.0001",none,none,none,in your own room,a night person,cats,Cambridge (e.g. dorms)
2021,8,18,"18.100B, 21W.747, 18.06, 8.022",none,none,none,in your own room,a morning person,neither,Cambridge (e.g. dorms)
2021,6,,"7.012, 6.02, 6.042, 21W.036, 21M.401",None,None,None,in your own room,a morning person,neither,Cambridge (e.g. dorms)
2018,6,,"18.02, 18.03, 7.013, 5.111, 8.022, 6.01, 2.00b, CMS.301, 24.900","6.041, 6.042, 6.002, 6.004, 21m.401, 21g.501, 6.005, 6.006, 21g.502, 21l.011","6.046, 6.837, 21g.503, 6.034, 6.813, 6.033, 6.073, 21g.504","cms.617, 6.02, 6.819, 6.uar",in your own room,a night person,cats,Cambridge (e.g. dorms)
2021,,,"3.091,8.02,18.03,21L.011",none,none,none,in libraries,a morning person,dogs,Cambridge (e.g. dorms)
2019,6,20,"5.111, 12.000, 11.A11, 7.015, 18.01, 18.02, 8.01, 8.02, 24.906, 21G.401, 6.0001, 6.0002","18.03, 5.12, 20.110, 20.S900, 6.004, 21W.757, 6.178, 6.009, 6.129, 7.05, 21W.758, 20.309","6.024(may drop?), 20.363, 6.006, 6.042, 6.034, 6S077, 20.309(again), WGS.145, (plan to take 6.033, 6.031, 6.045 and a HASS)",None,"Common spaces, lounges, empty classes",a night person,cats,Cambridge (e.g. dorms)
2018,2,6,"18.01A, 18.02A, 8.01, 3.091, 21L.009, 3.094, 6.01, 7.013, 8.02, 18.03","2.001, 2.003, 6.009, 2.S04, 21L.013, 2.004, 2.007, 2.086, 6.005, 6.UAT","2.005, 2.12, 21L.430, 6.002, 2.670, 2.002, 6.004, 6.141, 6.911, 6.912, 6.902, 6.0001, 6.169","2.006, 2.009, 6.034, 21L.703, 21L.590, 2.008, 2.671, 6.013, 6.813, 6.UAP, 2.THU, 21L.704",in your own room,a night person,both,Cambridge (e.g. dorms)
2019,20,,"8.01, 18.01A, 18.02A, 7.012, 21W.021, 8.02, 18.03, 5.111, 21G.301","20.110, 5.12, 6.00, 21G.302, 20.S900, 20.109, 7.05, 7.03, 21G.303","7.06, 20.320, 7.45, 6.911, 6.912, 6.902, 21G.304",none,Common spaces / lounges,a night person,dogs,Cambridge (e.g. dorms)
2020,8,,"8.03, 21M.292, 24.900, CC.110, CC.116, 8.04, 8.044, 18.901","8.13, 8.05, 8.033, 18.701, 14.02",none,none,in libraries,a morning person,cats,Cambridge (e.g. dorms)
2019,2,,"7.012, 18.01A, 18.02A, 5.111, 21M.030, 8.02, 6.149, 2.00B, 18.03, STS.050","2.001, 2.086, 2.678, 21M.600, WGS.101, 2.670, 2.003, 2.04A, STS.012, 2.007","2.05/2.051, 2.06, 6.0001, 2.12, STS.004",None,Common spaces / lounges,a night person,cats,Cambridge (e.g. dorms)
2021,18,,"CC.110, CC.010, CC.801, 3.091, 18.022",none,none,none,Common spaces / lounges,a morning person,neither,Cambridge (e.g. dorms)
2018,6,,"5.111, 8.02, 18.01, 17.309, 24.06, 18.03, 22.012, 6.0001, 6.0002, 18.02","8.03, 18.06, 22.04, 21G.611, 6.004, 6.01, 6.042, 21G.612","6.009, 6.034, 6.175, 21G.613, 6.147, 6.033, 6.903, 6.UAT, 21G.614","6.829, 6.031, 6.006, 7.012, 6.858, 6.045, 21W.764, 6.141",in cafes,a night person,cats,Cambridge (e.g. dorms)
2021,7,15,"8.02, 18.02, 5.111, 14.02, 6.0001",none,none,none,in your own room,a morning person,neither,Cambridge (e.g. dorms)
2021,18,,"18.01A, 8.01, 3.091, 21L.003",none,none,none,Common spaces / lounges,a night person,cats,Cambridge (e.g. dorms)
2021,8,,"18.01A, 8.012, 7.016, 6.0001, 3.986",None,None,None,in your own room,a night person,neither,Cambridge (e.g. dorms)
2020,6,,"6.01, 7.016, 8.01, 8.02, 18.02, 18.03, 6.006, STS001","6.046, 6.041A, 6.004, 6.009, 17.50, 6.036, 6.031, 6.033",none,none,in your own room,a morning person,dogs,Cambridge (e.g. dorms)
2021,1,16,"8.01, 18.01A, 18.02A, 12.386, 3.091",none,none,none,Common spaces / lounges,a night person,both,Cambridge (e.g. dorms)
2021,6,,"3.091, 21L.011, 8.01L, 18.02",none,none,none,Common spaces / lounges,a night person,dogs,Cambridge (e.g. dorms)
2021,2,,"6.0001, 7.012, 18.02, 18.03, 24.900, 21G.715",none,none,none,Common spaces / lounges,a morning person,dogs,Cambridge (e.g. dorms)
2017,6,,"8.01, 8.02, 3.091, 21W.747, 12.000, 18.01, 6.117, 6.147, 14.01, 18.024, 8.02, 6.01","6.004, 18.700, 6.006, 14.04, 6.008, 14.02, CMS.608, 7.013, CMS.100, 17.567, 6.147",6.046 14.12 14.30 6.UAT 6.005 6.UAP 6.033 6.036 6.179 6.045,6.034 6.170 6.S096 6.853 6.UR 14.15 14.44 18.703,classrooms,a night person,cats,Cambridge (e.g. dorms)
2020,2,,"5.111, 21m.030, 18.01A, 18.02A, 8.01, 8.02, 7.014, 18.03, 21m.301, sp.800","2.001, 2.086, 18.700, 21m.302, 24.900",none,none,in your own room,a night person,neither,Cambridge (e.g. dorms)
2018,12,,"8.01, 18.01, 5.111, 12.A45, 21H.130, 6.149, 7.013, 3.094, 8.02, 18.02","2.EPW, 3.986, 8.02, 12.001, 18.02, 15.6721, 2.EPE, 3.985, 12.002, 12.007, 18.03","2.EPE, 12.003, 12.010, 12.108, 21W.763, 12.095, 3.987, 12.009, 12.IND, 18.05","12.113, 12.163, 12.TIP, 15.351, 21H.343",in your own room,a night person,cats,Cambridge (e.g. dorms)
2021,7,187,"18.701, 18.200A, 7.06, 21L.009",none,N/A,N/A,in your own room,a night person,both,Cambridge (e.g. dorms)
2019,6,7,"8.01, 7.013, 5.111, 18.02, 24.900, 11.013, 6.s04, 8.02","6.005, 6.042, 7.02, 24.901, 5.12, 17.567, 18.03, 6.006","6.008, 7.02, 21L.701",none,in cafes,a morning person,dogs,Cambridge (e.g. dorms)
2020,18,,"6.00, 18.701, 18.702, 18.901, 6.046, 7.012, 8.012, 21G.222, STS.002, ","18.705, 18.785, 18.112, 5.111, CMS.300",none,none,in your own room,a night person,cats,Cambridge (e.g. dorms)
2018,16,,"8.01,8.02,18.02,18.03,7.013,3.091,24.900,21G.404,16.00","16.001,16.002,16.003,16.004,16.09,16.99,21G.304,9.00,9.01","6.006,16.06,17.20,16.410,9.40,21G.880,9.10,16.405","16.30,21G.803,16.83,9.66, plus stuff next semester",in your own room,a night person,dogs,Cambridge (e.g. dorms)
2018,6,2,"6.0001, 7.012, 8.02, 17.40, 18.02, 2.UR, 6.057, 2.001, 2.00B, 14.02, 18.03, EC.S01, SP.800","2.003, 2.086, 6.01, 14.01, SP.801, 2.004, 2.005, 2.007, 21L.048","2.006, 5.111, 6.005, 6.042, 21L.458, 2.002, 2.008, 2.671, 2.THU, 6.0002, 6.006","6.034, 2.009, 2.UR, 11.148, 6.036, 14.44, 21W.756, 16.90, some course 2 restricted elective",in cafes,a morning person,both,Cambridge (e.g. dorms)
2020,1,,"3.091, 8.01, 18.022, 21M.010, 12.000, 8.02, 7.014, 18.03, 1.016, SP.360","1.000, 1.010, 1.101, 21M.600, 21M.605, 21M.862",None ,None,Common spaces / lounges,a night person,cats,Cambridge (e.g. dorms)
2018,2,,"6.01, 7.016, 8.022, CMS.100, 5.111, 3.094, 6.004, 6.006, 18.03","2.001, 2.003, 2.086, 2.678, 21L.004, 2.007, 6.005, 6.002, 21A.111","21A.157, 21A.500, 2.008, 6.046, 2.005, 2.006, 2.004, 6.115","21M.013, 2.671, 2.750",in your own room,a night person,dogs,Cambridge (e.g. dorms)
2020,2,,"8.01, 18.02, 3.091, 21W.022, 6.148, 18.03, 8.02, 2.00B, 4.110, 7.013","2.001, 2.003, 2.086, 6.00, 14.01",None,None,in your own room,a night person,neither,Cambridge (e.g. dorms)
2021,6,,"8.01, 18.01, 3.091, 21G.107",none,none,none,Common spaces / lounges,a night person,both,Cambridge (e.g. dorms)
2021,10,6,"8.01, 18.01, 5.111, 21G.611, 6.0001",none,N/a,N/a,in your own room,a night person,dogs,Cambridge (e.g. dorms)
2019,10,5,"5.12, 18.022, 8.02, 24.09, 5.301, 18.03, 10.10, 5.60, 17.53, 21G.312","5.07, 5.13, 5.35, 6.042, 6.034, 21G.315, 6.00, 21G.611, 10.213, 10.301, 5.03, 6.006, 6.009, 5.36, 12.409","10.302, 5.61, 6.046, 5.37, 8.033, 21M.600",none,in libraries,a night person,dogs,Cambridge (e.g. dorms)
2019,5,,"3.091, 18.02, 8.02, 8.01, 7.013, 5.12, 11.015, 24.04","5.07, 5.35, 5.37, 5.36, 5.13, 5.08, 5.03, 21a.00, 3.985","18.03, 5.04, 5.60, 7.03, 21a.500, tbd",none,in libraries,a night person,dogs,"Boston (e.g. certain frats, sororities, living groups )"
2018,6,,"6.01, 8.01, 8.02, 18.01, 18.02, 24.900, EC.A790, 16.682, 6.005, 6.042, 18.03, 21A.156, 21M.445","2.EPW, 6.004, 6.006, 6.811, 11.124, 21M.445, 2.EPE, 5.111, 6.035, 6.S198, 11.125, 21M.445","2.EPE6.00016.0346.0466.1696.9026.9116.9126.S0646.UAT21M.4456.0336.9116.9127.01311.12721M.44521M.605","6.1756.8286.80921M.445ES.S41CMS.S62",in your own room,a morning person,both,Cambridge (e.g. dorms)
2019,6,,"7.012, 18.02, 8.02, 21L.009, 6.01, 18.03, 5.111, 21L.431","21M.030, 6.S064, 6.169, 6.008, 6.003, 3.987, 6.011, 6.101, 6.009","6.111, 6.034, 21L.706, 6.S084",none,in your own room,a night person,dogs,Cambridge (e.g. dorms)
2020,2,,"5.112,8.01L,18.01A,18.02,21H.011,18.03,7.013,8.02,9.00","21G.501,2.003,2.086,2.087,2.005,2.001,15.351,2.UR,21M.030",None ,None,in your own room,a morning person,dogs,Cambridge (e.g. dorms)
2019,10,,"5.112, 24.906, 7.016, 8.01, 6.149, 18.02, 8.02, 10.00 10.10 21G.304","5.12, 18.03, 5.60, 21L.011, 7.05, 10.213, 10.301, 21G.310, 21G.341","5.310, 10.302, 10.291, 21G.344, 21G.821",none,Common spaces / lounges,a night person,dogs,Cambridge (e.g. dorms)
2019,8,16,"8.02,18.03,18.02,8.282,24.900,STS.003,5.111,7.016,6.149,6.0001","16.001,16.002,16.003,16.004,8.03,8.04,8.225,6.0002,21M.401,6.070","16.07,8.05,24.901,8.290,GEL and n/a",n/a,in your own room,a night person,both,Cambridge (e.g. dorms)
2020,5,7,"8.02, 5.112, 18.02, 5.12, 7.03, 24.06, 21W.747, 12.000, SP.360, 7.102","5.13, 5.351, 5.352, 5.356, 7.02, 21G.310,",none,none,in your own room,a morning person,cats,Cambridge (e.g. dorms)
2018,6,,"8.01, 8.02, 18.02, 5.111, 6.01, 21L.473J, 21L.011","6.042, 6.004, 6.005, 6.006, 18.06, 7.016, 17.30, 17.561, 21L.325, 21L.350","6.034, 6.033, 6.170, 6.903, 21L.706, 21H.336","6.046, 6.UAT, 6.819, 21L.434, 6.803, 6.813, 21L.705",in your own room,a night person,cats,Cambridge (e.g. dorms)
2020,7,21,"8.01, 7.012, 21L.009, 18.02, 5.111, 8.02, 17.53, 21M.600","5.12, 7.02, 21M.604, 21M.830",None,None,Common spaces / lounges,a night person,dogs,Cambridge (e.g. dorms)
2021,20,,"18.02, 24.02, 21G.222, 6.0001, 7.016",None,None,Nobe,in your own room,a night person,both,Cambridge (e.g. dorms)
2021,6,,"7.016, 8.02, 18.03, 21M.030",none,none,none,Common spaces / lounges,a night person,both,Cambridge (e.g. dorms)
2020,8,18,"8.01, 18.02, 3.091, 21W.035, 6.0001, 8.223, 6.057, 6.S080, 8.02, 18.03, 6.041A, 14.01, 7.013","6.042, 6.041B, 14.02, 8.03, 8.S04, 6.009, 8.20, 18.031, 18.100, 18.703, 6.006, 14.12",N/A,N/A,Common spaces / lounges,a morning person,dogs,Cambridge (e.g. dorms)
2021,2,,"3.091, 18.02, 8.01, 6.0001, MAS.110",none,None,None,Common spaces / lounges,a morning person,cats,Cambridge (e.g. dorms)
2020,6,,"8.01, 18.02, 5.111, 21L.005, 12.A32, 21L.590, 8.02, 6.042, STS.001, 7.013, 6.0001","6.01, 6.034, 18.03, 14.01, 6.s077",none,none,Common spaces / lounges,a night person,both,Cambridge (e.g. dorms)
2020,20,,"8.01, 8.02, 18.08, 18.02, 5.112, 6.00, 7.013, 21W.035, 3.985","5.12, 18.03, 7.03, 20.110, Japanese",None,None,in your own room,a night person,both,Cambridge (e.g. dorms)
2019,6,,"3.091, 18.01, 18.02, 8.01, 8.02, STS.003, 21M.600, 3.094, 6.004","6.002, 6.003, 6.111, 6.115, 18.03, 7.016, 6.823 (dropped to listener, attended all but 1 or 2 lectures), 21M.645, dropped whatever the 6.002 extension lab class was","6.UAT, 6.888, 21M.605, 6.02, 6.041A, 6.175",none,in your own room,a night person,both,Cambridge (e.g. dorms)
2018,6,18,"18.02, 8.01, 7.012, 21w.015, 18.03, 8.02, 6.01, 9.00","18.06, 6.042, 5.111, 21m. (forgot the number, was american popular music), 18.100, 18.600, 6.006, 21m.011","21m.051, 18.901, 6.009, 18.642, 6.031, 18.104, 6.045, 21m. (forgot the number, was film music)","18.701, 6.046, 6.034, 21m.299",in your own room,a morning person,cats,Cambridge (e.g. dorms)
2020,6,,"18.01,8.01,7.016,ES.112,6.s08,18.02,8.02,21g.302","6.004,6.009,18.03,5.111,21g.303",NONE,NONE,in your own room,a night person,neither,Cambridge (e.g. dorms)
2020,2,,"5.111, 18.01, 8.02, 21W.011, 18.02, 8.02, EC.722, 21H.106J","18.03, 2.086, 2.001, 2.003, 2.007, 2.670, 21G.501, 21G.502",none,none,in your own room,a night person,dogs,"Boston (e.g. certain frats, sororities, living groups )"
2021,2,,"18.02, 12.000, 8.01, 3.091, 3.986",None,None,None,Common spaces / lounges,a night person,cats,Cambridge (e.g. dorms)
G,6,,"3.091, 8.012, 18.01, 18.02, CC.110, CC.A10, 17.567, 6.01, 6.s079, 7.012, 8.02, CC.1803","6.005, 6.034, 6.042, 24.900, 6.004, 6.006, 6.036, 9.00, 18.06","6.02, 6.046, 6.179, 24.902, 6.033, 6.905, 6.UAT, 24.903, 24.904","6.864, 24.901, 24.906, 6.833, 6.s197, 6.UAR, 18.600, 24.912",in your own room,a night person,neither,Cambridge (e.g. dorms)
2020,18,,"8.01, 8.02, 18.01A, 18.02A, 3.091, 18.06, 14.01, 6.01, 6.S08, 21G.222","6.004, 6.009, 18.200A, Spanish III, globalization and more to come",N/A,N/A,in libraries,a night person,cats,Cambridge (e.g. dorms)
2019,7,,"18.01, 18.02, 5.111, 7.016, 8.01, 8.02, 21h.161, 9.00","5.12, 7.03, 18.03, 21g.101, 21g.102, 7.05, 7.02","21g.103, 5.60, 18.06, 4.614",none,in your own room,a morning person,neither,Cambridge (e.g. dorms)
2019,6,,"8.02, 18.022, 7.016, 24.241, 6.0001, 6.01, 6.004, 18.06, 24.900","5.111, 6.009, 6.042, 6.006, 6.031, 6.033, CMS.100","6.034, 6.046, 24.902, CMS.608",N/A,Common spaces / lounges,a night person,cats,Cambridge (e.g. dorms)
2020,18,,"6.006, 18.600, 18.100B, 24.02, 21M.011, 21G.504, 6.046, 18.650, 15.401",18.642 6.036 15.402 15.501 21M.250 21G.505,None,None,Common spaces / lounges,a night person,neither,Cambridge (e.g. dorms)
2019,7,,"18.02, 9.01, 9.02, 7.013, 21L.021, 21W.035","5.11, 9.01, 7.03, 7.02, WGS.151",Not junior yet (none),Not senior yet (none),in your own room,a night person,cats,Cambridge (e.g. dorms)
G,3,,"8.02, 18.02, 3.091, 21L.003, 1.00, 3.003, 18.03, 7.012, CMS.621","3.012, 3.014, 3.016, 3.004, Japanese I, Japanese II, 3.022, 3.024, 3.086","2.001, 3.032, 3.034, Japanese III, Japanese IV, 3.042, 3.044, 3.URG","3.14, 3.S171, 21M.600, 21W.768, ESD.05, ESD.054, ESD.05, ESD.051, ESD.054, ESD.011, WGS.101, WGS.111",Common spaces / lounges,a night person,cats,Cambridge (e.g. dorms)
2021,,,"18.02, 8.01, 3.091, 21L.015",None,None,None,in your own room,a morning person,dogs,Cambridge (e.g. dorms)
2021,2,,"8.012, 3.091, 18.02, 9.48",none,none,none,Common spaces / lounges,a night person,dogs,Cambridge (e.g. dorms)
2020,8,,"8.012, 18.02, 5.111, 21L.009, 8.022, 18.03, 7.013, 21A.157, 6.s080, 6.s089","8.03, 8.033, 4.021, 24.02, 12.425",none,none,in libraries,a morning person,both,Cambridge (e.g. dorms)
2020,2,,"8.01, 18.02, 7.012, 24.00, 5.111, 8.02, 18.03, 14.01","2.001, 2.003, 2.086, 2.678, 21M.011",none,none,in your own room,a night person,dogs,Cambridge (e.g. dorms)
2021,10,,"18.02,5.112,8.01,3.986",none,none,none,in your own room,a night person,both,Cambridge (e.g. dorms)
2020,7,,"5.111, 6.0001, 6.0002, 7.012, 8.01, 8.02, 17.50, 18.01A, 18.02A, 21M.301","5.60, 7.02, 7.03, WGS.151",none,none,Common spaces / lounges,a night person,cats,Cambridge (e.g. dorms)
2021,,,"8.012. 18.02, 3.091, 21M.710",none,none,none,in libraries,a morning person,cats,Cambridge (e.g. dorms)
2021,6,8,"8.02, 18.02, 5.111, 21w.031, 6.0001",none,none,none,in libraries,a night person,both,Cambridge (e.g. dorms)
2019,10,,"8.01, 18.022, CC.5111, 21w.042; 8.02, 18.03, CC.512, 6.0001, 21m.065","5.13, 5.60, 10.10, 21g.053; 10.213, 10.301, 7.013, 21g.303, 21m.301","5.07, 10.302, 7.03, 21g.304, 21m.302",None,in your own room,a morning person,dogs,Cambridge (e.g. dorms)
2019,5,7,"7.016, 5.111, 8.01, 18.02, 18.05, STS.034, 21A.00, 21A.600","7.02, 5.12, WGS.101, 21A.500, 8.02, 7.05, 5.310","7.06, 5.60, 7.45, WGS.151",NA,in your own room,a night person,dogs,Cambridge (e.g. dorms)
2020,18,,"5.111, 18.022, 8.022, CC.110, CC.116, 18.06, 6.01, 6.0001, 6.036","18.100Q, 18.03, 21M.341, 7.012, 6.006",none,none,in your own room,a morning person,both,Cambridge (e.g. dorms)
2021,6,,"8.01, 6.0001, 6.0002, 3.091, 21W.022",None,None,None ,in your own room,a night person,neither,Cambridge (e.g. dorms)
2021,6,,"7.016, 3.091, 18.03, 21L.011",none,none,none,Common spaces / lounges,a night person,dogs,Cambridge (e.g. dorms)
2021,6,,"5.111, 8.02, 18.100B, 6.0001, 17.40",none,none,none,in your own room,a night person,neither,Cambridge (e.g. dorms)
2020,9,,"8.01, 3.091, 21m.030, 9.00, 6.0001, 18.02, 8.02, 1.016, 7.013","18.03, 6.006, 6.003, 9.85",None,None,in your own room,a night person,dogs,Cambridge (e.g. dorms)
2021,9,24,"CC.801, CC.5111, 18.01A, 18.02A, CC.110, CC.A10, 18.03, 7.013, CC.802",None,None,None,Common spaces / lounges,a night person,both,Cambridge (e.g. dorms)
2019,2,9,"18.02, 8.01, 8.02, 9.00, 5.111, 7.013, 21A.308, 5.12","2.00, 2.001, 2.086, 2.087, 2.06, 2.678, 24.05, 2.03, EC.722, 6.0002","9.01, 9.85, 14.02, 6.009",None,in libraries,a night person,cats,Cambridge (e.g. dorms)
2021,3,22,"7.012, 8.01, 18.01A, 6.0001, 21.w036",None,None,None,in your own room,a night person,neither,Cambridge (e.g. dorms)
2018,2,,"5.111, 18.02, 18.03, 3.986, 8.01, 8.02, 7.013, 3.094, 12.000, 2.00B","2.001, 2.086, 2.678, 6.004, 21M.030, 2.003, 2.007, 6.002, 6.169, 21G.301","2.004, 2.005, 2.016, 21M.606, 2.981, 6.S080, 2.017, 2.065, 2.671, 21M.600","None! I'm taking a semester off, so haven't figured it out yet :)",in libraries,a morning person,both,Somerville! (apt off campus)
2021,2,15,"18.01, 5.111, 7.012, 14.01, 6.0001",none,none,none,in your own room,a morning person,both,Cambridge (e.g. dorms)
2021,5,12,"7.012, 8.01, 12.001, 17.40",None,None,None,in your own room,a night person,dogs,Cambridge (e.g. dorms)
2020,16,,"8.01, 3.091, 18.01A, 18.02A, 24.02, 8.02, 7.013, 18.03, 6.0001, 21M.065","18.06, 16.001, 16.002, 6.0002, 21L.024",None,None,Common spaces / lounges,a night person,both,Cambridge (e.g. dorms)
2021,,,"6.007, 5.112, 8.01, 18.01, 6.A01",none,none,none,Common spaces / lounges,a night person,cats,Cambridge (e.g. dorms)
2019,6,,"18.02, 5.111, 7.012, 21W.013, 7.03, 15.401, 6.01, 6.004, 7.396","6.006, 6.009, 6.042, 21G.046, 6.031, 6.033, 14.01, 15.501","6.819, 6.046, 14.02, 18.600",n/a,in your own room,a night person,dogs,Cambridge (e.g. dorms)
2020,6,7,"5.112, 6.00, 8.01, 18.01A/18.02A, 6.042, 7.013, 8.02, 21L.019","5.12, 6.006, 6.009, 7.03",none,none,Common spaces / lounges,a night person,both,Cambridge (e.g. dorms)
2020,6,18,"7.016, 18.701, 18.702","6.854, 24.02, 6.009, 6.004, 18.705, 18.725",none,none,in libraries,a night person,cats,"Boston (e.g. certain frats, sororities, living groups )"
2018,6,,"5.111, 7.013, 8.01L, 8.011, 18.01, 18.02, 21G.101, 21G.102, 21F.076","18.03, 20.110, 7.03, Chinese 3, 6.0001/2, 7.05, 5.12, Chinese 4, 20.UAR","6.009, 6.008, 8.02, intro to acting, 6.031, 6.006, 6.036, Chinese streamlined 2","6.046, 6.004, 6.UAT, 6.041A/B, 6.814, 6.033, 6.207, 6.813, IDS.147",in your own room,a morning person,neither,"Boston (e.g. certain frats, sororities, living groups )"
2020,16,,"8.01L, 18.01,18.02,8.02,7.013,3.091,21H.161,21W.121","16.001,16.002, 18.03, 21H.160",None,None,Common spaces / lounges,a morning person,dogs,Cambridge (e.g. dorms)
2020,18,,"7.012, 18.03, 18.404, 24.900, 6.006, 6.009, 18.100B, 21M.011","6.004, 6.034, 8.022, 18.701, 21H.160",none,none,in your own room,a night person,neither,Cambridge (e.g. dorms)
2021,18,,"24.900,18.330,7.015,6.036",none,none,none,in libraries,a night person,dogs,Cambridge (e.g. dorms)
2021,,,"18.01a, 8.012,5.111, 21l.023, EC.a790",Not applicable,Not applicable,Not applicable,Common spaces / lounges,a night person,dogs,Cambridge (e.g. dorms)
2021,6,,"18.06,7.012, 6.004,14.73",none,none,none,in your own room,a night person,both,Cambridge (e.g. dorms)
2020,6,,"18.03, 18.06, 7.012, 3.091, 8.02, 6.01, MAS.A19, 6.058, STS.008, 24.900","6.008, 6.041, 6.006, 24.902",none,none,in your own room,a night person,cats,Cambridge (e.g. dorms)
2020,6,,"6.01, 6.006, 6.009, 7.012, 8.02, 14.02, 14.73, 18.03","6.003, 6.004, 6.011, 6.033, 6.036, 14.01, 18.600",none,none,in your own room,a night person,both,Cambridge (e.g. dorms)
2021,6,18,"3.091, MAS.110, MAS.A17, 8.01, 6.00, 18.02",None,None,None,Common spaces / lounges,a night person,cats,Cambridge (e.g. dorms)
2021,20,,"8.012, 18.02, 7.015, 17.40",None,Nonexistent ,None,in your own room,a morning person,both,Cambridge (e.g. dorms)
2021,6,,"6.02, 5.111, 18.03, 21W.742, 6.A48",none,none,none,Common spaces / lounges,a night person,dogs,Cambridge (e.g. dorms)
2021,2,8,"8.02,18.02,3.091,12.000,21L.010",none,none,none,in libraries,a night person,both,Cambridge (e.g. dorms)
2021,2,,"ES.1801, ES.801, ES.5111, 21L.011",none,none,none,in your own room,a night person,dogs,Cambridge (e.g. dorms)
2019,6,18,"7.012, 8.022, 18.06, 24.00, 5.111, 6.01, 14.01, 18.034, 18.100B","6.004, 6.006, 18.701, 18.901, 21L.001, 6.009, 6.036, 18.102, 18.702, 14.02","18.112, 21M.011, 6.046, 6.031, 6.819",none,in your own room,a night person,neither,Cambridge (e.g. dorms)
2019,18,,"18.701, 8.012, 6.006, 5.36U, 21W.778, 5.62, 18.702, 18.212, 8.S05","18.217, 18.404, 21M.302, 21M.340, 6.875, 6.849, 8.06, 18.102","18.S997, 18.782, 6.851, 9.520, 14.02, 18.405",none,Common spaces / lounges,a night person,cats,Cambridge (e.g. dorms)
2020,20,,"WGS.111, STS.009, 18.01, 18.02, 8.01L, 8.02, 5.111, 7.013","18.03, 20.110, 5.12, 20.S900, 20.001, 2.00",None,None,Common spaces / lounges,a morning person,neither,Cambridge (e.g. dorms)
2021,,,"5.112, 8.02, 18.02, 21M.030",none,none,none,Common spaces / lounges,a night person,cats,Cambridge (e.g. dorms)
2021,3,,"18.01,8.01,7.012,CMS.100,10.A22",none,none,none,in your own room,a night person,neither,Cambridge (e.g. dorms)
2021,,,"3.091, 18.022, 8.01, 21L.011",none,none,none,Common spaces / lounges,a night person,cats,Cambridge (e.g. dorms)
2019,6,,"8.02, 18.02, 3.091, 17.40, 7.014, 6.01, 6.050, CMS.301, WGS.111","6.004, 6.009, 6.006, 6.033, CMS.376, 21A.504, 6.00, 6.042, 18.06","6.046, 6.034, 6.031, 21L.011",none,Common spaces / lounges,a night person,cats,Cambridge (e.g. dorms)
2018,6,,"18.01, 8.01L, 5.111, 17.41, 18.02, 8.02, 6.01, 14.02","18.06, 6.042, 6.005, 14.01, 6.004, 6.006, 6.813, 21G.011","6.034, 6.046, 6.170, 21G.901, 6.033, 6.036, 7.013, 21G.902","6.UAT, 6.864, IDS.012, 21G.903",in your own room,a morning person,neither,Cambridge (e.g. dorms)
2020,6,,"ES.801, ES.5111, ES.7012, ES.1802, 6.S08, 6.042, 8.02, 21M.011, 21M.442","6.004, 6.006, 6.009, 21M.299, 21M.442",none,none,Common spaces / lounges,a night person,dogs,Cambridge (e.g. dorms)
2018,6,,"7.012, 21m.421, 6.01, 8.01, 18.02, 21m.011, 6.149, 6.176, 3.985, 8.02, 18.06","5.111, 6.004, 6.006, 6.042, 7.03, 21l.000, 6.005, 6.036, 6.046, 7.05, 7.ur, 21m.302","6.009, 6.034, 6.047, 6.819, 6.uat, 21m.385, 6.033, 6.831, 6.874, 21m.250, 21m.601","6.871, 6.872, 21m.387, 21m.310",other people's rooms,a night person,cats,Cambridge (e.g. dorms)
2018,2,,"CC.801, CC.802, 7.013, CC.5111, CC.1801A, CC.1802A, CC.110, CC.116, CC.011, CC.012, CC.1803, 6.177","2.001, 2.003, 2.086, 9.00, 2.007, 2.002, 2.004, 21H.101, 2.670","2.005, 2.006, 2.008, 2.671, 4.601, UROP for credit, 2.12, 21H.390, 2.S994, 2.979","2.009, 2.678, 2.S992, UROP for Credit, 21H.343",in your own room,a night person,both,"Boston (e.g. certain frats, sororities, living groups )"
2019,6,,"18.01A,18.02A,8.01,3.091,17.309, 18.03,8.02,6.S08,7.013,2.S972","6.034,6.006,6.042,21G.501 (Japanese 1); 14.01,6.046,6.004,21L.004","6.911,6.912,18.404,18.100A,21M.605,6.009,(6.804,6.867, or 6.819), and not sure about 2nd semester",None,Common spaces / lounges,a night person,both,Cambridge (e.g. dorms)
2021,6,,"5.111, 8.02, 18.02, 21M.011",none,none,none,Common spaces / lounges,a night person,cats,Cambridge (e.g. dorms)
2020,6,,"8.01L, 8.02, 18.01, 18.02, 7.012, 21G.701, 21L.310, 21L.320","6.009, 6.034, 6.042, 6.004, 21L.704, 21L.706",none,none,Common spaces / lounges,a night person,dogs,Cambridge (e.g. dorms)
2021,1,,"8.01, 18.02, 3.091, 21M.011, 21M.421",None,None,None,in cafes,a night person,cats,Cambridge (e.g. dorms)
2020,7,,"5.111,8.01,18.01A,17.20,18.02A,8.02,7.013,9.00","7.02,7.03,21H.343,5.12",None,None,in your own room,a morning person,dogs,Cambridge (e.g. dorms)
2020,10,,"8.01, 18.02, 7.012, 17.20, 8.02, 18.03, 5.111, 24.06","10.10, 5.12, 5.60, 14.01",none,none,in libraries,a morning person,cats,Cambridge (e.g. dorms)
2019,8,,"3.091, 4.406, 8.022, 8.03, 18.022, 18.03, 21G.403, 21M.401, 24.901","7.015, 8.033, 8.04, 8.044, 8.13, 21G.404, 21G.415, 21M,401, 24.904","8.05, 8.07, 21G.412, 21M.401, 24.902",None,Common spaces / lounges,a morning person,cats,Cambridge (e.g. dorms)
2020,2,,"18.01A, 18.02, 8.01, 3.091, 24.00, 18.03, 8.02, 6.0001, 6.0002, 14.02","2.001, 2.003, 2.086, 24.900, 7.012",None,None,in libraries,a morning person,neither,Cambridge (e.g. dorms)
2019,20,,"8.01L, 18.01, 7.012, 14.01, 8.02, 5.111, 18.02, 21L.004","9.01, 20.110, 5.12, 6.00, 18.03, 7.05, 7.03, 21H.161","20.109, 20.320, 7.06, 21L.704",None,in your own room,a morning person,dogs,Cambridge (e.g. dorms)
2020,20,,"5.112, 8.01, 8.02, 18.01A, 18.02A, 18.03, 7.013, 21M.030, 21H.185","20.001, 20.110, 5.12, 21G.030, 6.0001, 6.0002, 20.109, 21G.101, 21G.102, 7.03, 7.05",None,None,in libraries,a night person,both,Cambridge (e.g. dorms)
2017,2,,"5.112, 7.012, 18.02, 24.00, EC.A033, 6.149, 5.12, 6.00, 8.02, 14.02","2.00, 2.01, 2.02A, 2.086, 2.087, 21H.152, 2.670, 2.06, 2.678, 7.05, 9.00, 21H.132","2.05, 2.051, 2.900, 5.310, 7.02, 2.03, 2.031, 2.671, 2.782, 7.03, 21H.273","2.009, 5.12, 20.102, 21L.590, 204A, 20.365, 21A.157, 21M.600 ",in cafes,a night person,dogs,Cambridge (e.g. dorms)
2021,,,"21L.004, 7.012, 8.012, 18.02",None,None,None,in your own room,a night person,dogs,Cambridge (e.g. dorms)
2020,20,,"8.01, 8.02, 18.01A, 18.02A, 5.111, 7.014, 18.02","5.12, 18.03, 6.00, 20.110, 20.0001",None,None,Common spaces / lounges,a morning person,both,Cambridge (e.g. dorms)
2020,8,,"8.012, 7.015, 18.01a, 8.022, ES.112, 21H.161, 18.03, 6.050","8.03, 8.033, 18.701, 21H.239",None ,None,in libraries,a morning person,both,Cambridge (e.g. dorms)
2020,6,18,"6.0001, 8.02, 3.091, 21L.003, 18.03; 21W.031, 6.009, 6.01, 6.042, 6.002, 18.06","6.819, 18.600, 14.01, 6.031, 6.036, 6.006, 6.004, 6.033, 14.02, ","6.AUS, 6.111,6.UAR, .....",not decide yet,anywhere applicable,a morning person,neither,"Boston (e.g. certain frats, sororities, living groups )"
2019,14,,"8.01, 8.02, 18.02, 7.016, 5.111, 14.01, 14.02, 21L.003","14.30, 14.13, 14.03, 14.04, 14.05, 17.42, 21W.755, 15.501","21G.611, 14.32, 18.06, 14.07, 18.100P, 21G.077, 17.569, 21G.612",none,in libraries,a night person,dogs,"Boston (e.g. certain frats, sororities, living groups )"
2021,6,,"6.A01, 6.046, 24.900, 8.02, 18.02 ",None,None,None,Common spaces / lounges,a morning person,both,Cambridge (e.g. dorms)
2021,6,,"8.01, 18.01, 3.091, 21L.011, 6.A03",None,None,None,Common spaces / lounges,a night person,dogs,Cambridge (e.g. dorms)
2020,20,,"18.02, 8.01, 21W.034, 6.00, 8.02, 7.013, 9.00","20.001, 20.110, 7.03, 5.12, 9.01, 21G.715",None,None,in your own room,a night person,dogs,Cambridge (e.g. dorms)
2017,8,18,"8.012,8.022,7.012,5.112,21G.401,21W.747,18.100B,8.04,8.044","8.05,8.292,6.004,24.900,21M.302,8.06,5.12,17.565","8.333,6.006,18.112,18.102,18.702,21M.220","8.13,6.046,21M.235,8.334,18.434,18.152",in your own room,a night person,both,Cambridge (e.g. dorms)
2021,,,"5.12, 6.036, 18.701, 21G.024, 24.A03",None,None,None,in your own room,a night person,neither,Cambridge (e.g. dorms)
2019,6,,"8.01, 8.02, 3.091, 7.013, 18.022, 24.00, 6.01, 6.042",6.004 6.006 6.828 6.009 6.035 6.046 6.033 6.041 21G.301 21G.302 21M.301,6.851 6.854 18.06 21G.303,none,in your own room,a night person,dogs,Cambridge (e.g. dorms)
G,6,,"5.111, 8.01L, 18.01A, 18.02A, 12.A56, CMS.300, 6.00, 7.013, 8.02, 21L.011","HST.URN, 5.12, 6.01, 6.042, 9.01, 21F.302, 6.S094, 21F.501, 7.02, 7.03, 21F.502","HST.URN, 7.S391, 5.07, 6.004, 6.006, 21F.503, 6.046, 9.24, 17.53, 21F.504","6.URN, 6.005, 6.047, 6.UAT, 7.06, STS.034, 6.UAP, 7.10, 7.28, 18.03","libraries, lounges, and my own room",a night person,dogs,Cambridge (e.g. dorms)
2021,6,,"8.01, 18.01, 3.019, 21W.021",N/A,N/A,N/A,Common spaces / lounges,a night person,both,Cambridge (e.g. dorms)
2020,20,,"8.01, 8.02, 7.012, 5.111, 18.02, 18.03, 3.986, 24.118","21G.701, 5.12, 6.00, 20.110",None,None,Common spaces / lounges,a morning person,cats,Cambridge (e.g. dorms)
2020,18,,"18.100B, 18.600, 3.091, 7.013, 24.02, 21H.132, 8.022, 6.00","6.009, 6.036, 18.062, 21H.333, 21H.130",'none','none',in your own room,a morning person,cats,Cambridge (e.g. dorms)
2020,5,7,"7.015, 5.111, 18.02,8.01,8.02,18.05,5.12, 21L.019","7.02, 21M.710, 5.13",None,None,in your own room,a morning person,dogs,Cambridge (e.g. dorms)
2021,20,,"18.02, 18.03, 5.112, 8.01",None,None,None,in your own room,a night person,dogs,Cambridge (e.g. dorms)
2021,18,,"7.012, 8.02, 18.022, 24.08",none,none,none,in cafes,a night person,both,Cambridge (e.g. dorms)
2018,6,,"7.013, 5.112, 18.022, 18.03, 6.01, 9.00, 21.h130, 8.02",5.12 6.005 6.006 6.042 7.03 7.05 sts.049 21m.030 6.036,6.047 6.034 14.01 15.310 gel classes 6.046 7.06 6.uat cant remember the rest,6.819 6.867 7.45 14.13,Common spaces / lounges,a night person,dogs,"Boston (e.g. certain frats, sororities, living groups )"
2018,22,,"24.00, 18.022, 3.091, 7.A18, 8.01, 18.03, 8.02, 7.013, 22.012, 14.01","18.06, 8.03, 22.01, 22.02, 2.086, 17.57, 2.005","22.05, 22.09, 6.911, 6.902,6.912, 21g.611, 21g.612, 22.071, 22.06, sts.035","22.033, 22.tht, 22.212, 21g.613, 22.014, 22.thu",in libraries,a night person,dogs,Cambridge (e.g. dorms)
2021,7,,"5.111, 8.01, 18.02, 21L.607, 21L.608",None,None,None,Common spaces / lounges,a night person,dogs,Cambridge (e.g. dorms)
2019,6,,"18.02, 8.01L, 5.111, 21W.031, 7.014, 6.01, CMS.301, 8.02","6.009, 6.004, 6.042, 21G.501, 16.682, 21G.502, 21W.775, 6.031","6.034, 6.006, 14.02, 21A.500",None,in your own room,a night person,cats,Cambridge (e.g. dorms)
2020,24,,"7.012, 18,014, 8.012, 6.a01, 24.900, 5.111, 6.0001, 6.0002, 8.022, 18.024, 21M.600","18.03, 18.06, 24.901, 24.902, 6.009, 21M.301",none,none,in libraries,a night person,cats,Cambridge (e.g. dorms)
2021,6,18,"18.022, 18.100b, 24.900, 8.01",none,none,none,in your own room,a night person,cats,Cambridge (e.g. dorms)
2021,6,,"7.016, 18.02, 8.01, 24.02",none,none,none,in your own room,a night person,cats,Cambridge (e.g. dorms)
2019,6,,"7.016, 6.042, 15.401, 14.01, 6.01, 18.06, 8.02, 18.02, 17.309","6.006, 6.036, 5.12, acting, 7.05, 6.009","6.046, 6.047, 5.111, 14.02",none,in libraries,a night person,dogs,Cambridge (e.g. dorms)
2018,6,,"9.66, 7.012, 18.701, 17.01, 6.072, 6.004, 6.006, 6.046, 6.01, 9.00, 18.440","6.163, 6.02, 9.20, 9.85, 18.510, 3.091 / 6.002, 6.UAT, 21M.600, 6.437, 6.857","6.867, 9.01, 16.410, 18.4041 / 9.073, 6.UAP, 17.42, 21A.150, 14.16",6.172 / 6.011 (prediction for next spring),classrooms,a morning person,both,Cambridge (e.g. dorms)
2020,20,,"8.01, 18.02, 5.111, WGS.101, 7.013, 6.00, 8.02, 24.900","20.110, 5.12, 18.03, spanish 3 (21G.703)",none,none,Common spaces / lounges,a night person,both,Cambridge (e.g. dorms)
2020,12,,"18.022, 18.03, 12.007, 5.111, 24.00, 1.016, 9.00, 12.000, 8.01, 8.02","12.001, 12.113, 14.01, 11.002, 6.004",none,none,in libraries,a night person,cats,Cambridge (e.g. dorms)
2021,20,,"7.012, 8.01L, 18.01, 24.02",none,none,none,in libraries,a morning person,dogs,Cambridge (e.g. dorms)
2020,6,,"6.0001, 5.112, 18.02, 11.013, 8.01, 11.URG, 6.006, 15.310, 24.100, 8.02","CMS.100, 6.009, 6.02, 6.004, 11. URG",None,None,in your own room,a night person,both,Cambridge (e.g. dorms)
2021,18,,"3.091, 18.02, 7.016, 6.0001, 21W.036",none,none,none,in your own room,a morning person,both,Cambridge (e.g. dorms)
2021,2,6,"cc.8012, cc.1802, cc.110, cc.5111",None,None,None,Common spaces / lounges,a night person,dogs,Cambridge (e.g. dorms)
2018,8,,"5.112, 18.100B, 21L.001, 8.022, 8.03, 8.04, 8.282, 21H.007, 12.409, 6.0001","7.012, 8.287, 8.033, 12.003, 21H.239, 6.0002, 8.044, 8.284, 8.290, 18.06, 21H.132","8.05, 14.02, 21H.333, 8.286, 12.006, 2.678, 6.002, 6.003, 8.225, 21H.336","2.71, 12.420, 21L.611, 21H.331, 21M.601, unsure what spring classes will be",Common spaces / lounges,a night person,dogs,"Boston (e.g. certain frats, sororities, living groups )"
2020,8,18,"18.100B, 24.02, 5.112, 8.03, 18.034, 18.102, 8.04, 8.044, 8.225","18.701, 8.033, 8.05, 24.221, PHYS 210 (@ Harvard)",none,none,in your own room,a night person,cats,Cambridge (e.g. dorms)
2021,,,"8.01,7.016. WGS.155",none,none,none,Common spaces / lounges,a night person,neither,Cambridge (e.g. dorms)
2021,2,,"3.091, 18.01A, 8.01L, 21W.035, 6.0001",None,None,None,in libraries,a night person,dogs,Cambridge (e.g. dorms)
2021,4,20,"CC.5111, 8.01, CC.1802, CC.110, CC.A10",none,none,none,Common spaces / lounges,a night person,dogs,Cambridge (e.g. dorms)
2020,16,,"18.02, 8.01L, 5.112, 21g.053, 7.014, 8.02, 18.03, 21L.021","16.001, 16.002, 18.03, 21m.030, 16.003, 16.004, 8.02, 6.0001/6.0002, some other hass",none,none,Common spaces / lounges,a night person,dogs,Cambridge (e.g. dorms)